nats-go-micro	micro/error_test.go	4	map[file:1 function:3]
nats-go-micro	micro/example_handler_test.go	4	map[file:1 function:1 method:1 struct:1]
nats-go-micro	micro/example_package_test.go	2	map[file:1 function:1]
nats-go-micro	micro/example_test.go	15	map[file:1 function:14]
nats-go-micro	micro/request.go	24	map[file:1 function:2 interface:2 method:11 struct:2 type:3 var:3]
nats-go-micro	micro/service.go	80	map[const:10 file:1 function:14 interface:2 method:25 struct:16 type:6 var:6]
nats-go-micro	micro/service_internal_test.go	2	map[file:1 function:1]
nats-go-micro	micro/test/main_test.go	2	map[file:1 function:1]
nats-go-micro	micro/test/service_test.go	17	map[file:1 function:16]
nats-go-micro	micro/test/testservice_helper_test.go	7	map[file:1 function:4 var:2]
nats-go-micro	TOTAL_UNIQUE	157
commons-csv	src/main/java/org/apache/commons/csv/CSVException.java	4	map[class:1 file:1 method:1 var:1]
commons-csv	src/main/java/org/apache/commons/csv/CSVFormat.java	175	map[class:2 enum:1 file:1 method:113 var:58]
commons-csv	src/main/java/org/apache/commons/csv/CSVParser.java	61	map[class:4 file:1 method:36 var:20]
commons-csv	src/main/java/org/apache/commons/csv/CSVPrinter.java	22	map[class:1 file:1 method:15 var:5]
commons-csv	src/main/java/org/apache/commons/csv/CSVRecord.java	29	map[class:1 file:1 method:20 var:7]
commons-csv	src/main/java/org/apache/commons/csv/Constants.java	24	map[class:1 file:1 method:1 var:21]
commons-csv	src/main/java/org/apache/commons/csv/DuplicateHeaderMode.java	2	map[enum:1 file:1]
commons-csv	src/main/java/org/apache/commons/csv/ExtendedBufferedReader.java	25	map[class:1 file:1 method:13 var:10]
commons-csv	src/main/java/org/apache/commons/csv/Lexer.java	41	map[class:1 file:1 method:24 var:15]
commons-csv	src/main/java/org/apache/commons/csv/QuoteMode.java	2	map[enum:1 file:1]
commons-csv	src/main/java/org/apache/commons/csv/Token.java	11	map[class:1 enum:1 file:1 method:2 var:6]
commons-csv	src/main/java/org/apache/commons/csv/package-info.java	1	map[file:1]
commons-csv	TOTAL_UNIQUE	397
flask-core	src/flask/__init__.py	1	map[file:1]
flask-core	src/flask/__main__.py	1	map[file:1]
flask-core	src/flask/app.py	46	map[class:1 const:1 file:1 function:3 method:35 var:5]
flask-core	src/flask/blueprints.py	6	map[class:1 file:1 method:4]
flask-core	src/flask/cli.py	45	map[class:6 const:1 file:1 function:18 method:13 var:6]
flask-core	src/flask/config.py	16	map[class:2 const:1 file:1 method:12]
flask-core	src/flask/ctx.py	32	map[class:2 const:1 file:1 function:5 method:22 var:1]
flask-core	src/flask/debughelpers.py	10	map[class:3 file:1 function:3 method:3]
flask-core	src/flask/globals.py	10	map[file:1 function:1 var:8]
flask-core	src/flask/helpers.py	21	map[class:1 file:1 function:15 method:4]
flask-core	src/flask/json/__init__.py	6	map[file:1 function:5]
flask-core	src/flask/json/provider.py	14	map[class:2 file:1 function:1 method:10]
flask-core	src/flask/json/tag.py	45	map[class:10 file:1 method:34]
flask-core	src/flask/logging.py	5	map[file:1 function:3 var:1]
flask-core	src/flask/sansio/app.py	36	map[class:1 file:1 function:1 method:28 var:5]
flask-core	src/flask/sansio/blueprints.py	38	map[class:2 file:1 method:24 var:11]
flask-core	src/flask/sansio/scaffold.py	42	map[class:1 const:1 file:1 function:4 method:26 var:9]
flask-core	src/flask/sessions.py	27	map[class:5 file:1 function:1 method:19 var:1]
flask-core	src/flask/signals.py	12	map[file:1 var:11]
flask-core	src/flask/templating.py	17	map[class:2 file:1 function:7 method:7]
flask-core	src/flask/testing.py	17	map[class:3 file:1 function:1 method:11 var:1]
flask-core	src/flask/typing.py	20	map[file:1 var:19]
flask-core	src/flask/views.py	9	map[class:2 const:1 file:1 method:4 var:1]
flask-core	src/flask/wrappers.py	12	map[class:2 file:1 method:9]
flask-core	TOTAL_UNIQUE	488
express-lib	lib/application.js	38	map[file:1 function:2 var:35]
express-lib	lib/express.js	10	map[file:1 function:1 var:8]
express-lib	lib/request.js	32	map[const:1 file:1 function:1 var:29]
express-lib	lib/response.js	77	map[const:4 file:1 function:9 var:63]
express-lib	lib/utils.js	23	map[const:1 file:1 function:3 var:18]
express-lib	lib/view.js	26	map[file:1 function:2 var:23]
express-lib	TOTAL_UNIQUE	206
osh-module	sensorhub-core/src/main/java/org/sensorhub/impl/module/AbstractModule.java	61	map[class:1 file:1 method:47 var:12]
osh-module	sensorhub-core/src/main/java/org/sensorhub/impl/module/AbstractSubModule.java	12	map[class:1 file:1 method:8 var:2]
osh-module	sensorhub-core/src/main/java/org/sensorhub/impl/module/DefaultModuleStateManager.java	21	map[class:1 file:1 method:15 var:4]
osh-module	sensorhub-core/src/main/java/org/sensorhub/impl/module/InMemoryConfigDb.java	14	map[class:1 file:1 method:10 var:2]
osh-module	sensorhub-core/src/main/java/org/sensorhub/impl/module/JarModuleProvider.java	9	map[class:1 file:1 method:6 var:1]
osh-module	sensorhub-core/src/main/java/org/sensorhub/impl/module/ModuleClassFinder.java	9	map[class:1 file:1 method:5 var:2]
osh-module	sensorhub-core/src/main/java/org/sensorhub/impl/module/ModuleConfigJsonFile.java	29	map[class:3 file:1 method:16 var:9]
osh-module	sensorhub-core/src/main/java/org/sensorhub/impl/module/ModuleRegistry.java	60	map[class:2 file:1 method:42 var:15]
osh-module	sensorhub-core/src/main/java/org/sensorhub/impl/module/ModuleSecurity.java	15	map[class:1 file:1 method:9 var:4]
osh-module	sensorhub-core/src/main/java/org/sensorhub/impl/module/RobustConnection.java	16	map[class:1 file:1 method:8 var:6]
osh-module	sensorhub-core/src/main/java/org/sensorhub/impl/module/RobustConnectionConfig.java	5	map[class:1 file:1 var:3]
osh-module	TOTAL_UNIQUE	251
mavlink-minimal	minimal/mavlink.h	8	map[const:7 file:1]
mavlink-minimal	minimal/mavlink_msg_heartbeat.h	27	map[const:8 file:1 function:16 struct:1 type:1]
mavlink-minimal	minimal/minimal.h	3	map[const:2 file:1]
mavlink-minimal	minimal/testsuite.h	2	map[const:1 file:1]
mavlink-minimal	minimal/version.h	5	map[const:4 file:1]
mavlink-minimal	TOTAL_UNIQUE	45
sveltekit-server-runtime	packages/kit/src/runtime/server/constants.js	2	map[const:1 file:1]
sveltekit-server-runtime	packages/kit/src/runtime/server/cookie.js	39	map[const:23 file:1 function:11 var:4]
sveltekit-server-runtime	packages/kit/src/runtime/server/cookie.spec.js	25	map[const:23 file:1 function:1]
sveltekit-server-runtime	packages/kit/src/runtime/server/csrf.js	5	map[const:1 file:1 function:3]
sveltekit-server-runtime	packages/kit/src/runtime/server/csrf.spec.js	3	map[file:1 function:2]
sveltekit-server-runtime	packages/kit/src/runtime/server/data/index.js	19	map[const:13 file:1 function:3 var:2]
sveltekit-server-runtime	packages/kit/src/runtime/server/dev.js	5	map[const:2 file:1 function:2]
sveltekit-server-runtime	packages/kit/src/runtime/server/endpoint.js	11	map[const:7 file:1 function:2 var:1]
sveltekit-server-runtime	packages/kit/src/runtime/server/env_module.js	6	map[const:1 file:1 function:1 var:3]
sveltekit-server-runtime	packages/kit/src/runtime/server/errors.js	10	map[const:3 file:1 function:3 var:3]
sveltekit-server-runtime	packages/kit/src/runtime/server/errors.spec.js	12	map[const:9 file:1 function:2]
sveltekit-server-runtime	packages/kit/src/runtime/server/fetch.js	30	map[const:21 file:1 function:5 var:3]
sveltekit-server-runtime	packages/kit/src/runtime/server/fetch.spec.js	14	map[const:13 file:1]
sveltekit-server-runtime	packages/kit/src/runtime/server/index.js	8	map[class:1 const:1 file:1 function:2 method:2 var:1]
sveltekit-server-runtime	packages/kit/src/runtime/server/instance.js	18	map[const:11 file:1 function:3 var:3]
sveltekit-server-runtime	packages/kit/src/runtime/server/internal.js	22	map[const:13 file:1 function:4 var:4]
sveltekit-server-runtime	packages/kit/src/runtime/server/internal.spec.js	4	map[const:3 file:1]
sveltekit-server-runtime	packages/kit/src/runtime/server/page/actions.js	29	map[const:12 file:1 function:15 var:1]
sveltekit-server-runtime	packages/kit/src/runtime/server/page/actions.spec.js	11	map[const:8 file:1 function:1 var:1]
sveltekit-server-runtime	packages/kit/src/runtime/server/page/csp.js	39	map[class:4 const:17 file:1 function:6 method:11]
sveltekit-server-runtime	packages/kit/src/runtime/server/page/csp.spec.js	6	map[const:5 file:1]
sveltekit-server-runtime	packages/kit/src/runtime/server/page/data_serializer.js	19	map[const:11 file:1 function:3 var:4]
sveltekit-server-runtime	packages/kit/src/runtime/server/page/data_serializer.spec.js	11	map[const:9 file:1 function:1]
sveltekit-server-runtime	packages/kit/src/runtime/server/page/index.js	36	map[const:26 file:1 function:2 var:7]
sveltekit-server-runtime	packages/kit/src/runtime/server/page/load_data.js	40	map[const:28 file:1 function:6 var:5]
sveltekit-server-runtime	packages/kit/src/runtime/server/page/load_data.spec.js	6	map[const:4 file:1 function:1]
sveltekit-server-runtime	packages/kit/src/runtime/server/page/render.js	67	map[class:1 const:46 file:1 function:3 method:5 var:11]
sveltekit-server-runtime	packages/kit/src/runtime/server/page/respond_with_error.js	19	map[const:14 file:1 function:3 var:1]
sveltekit-server-runtime	packages/kit/src/runtime/server/page/serialize_data.js	13	map[const:8 file:1 function:1 var:3]
sveltekit-server-runtime	packages/kit/src/runtime/server/page/serialize_data.spec.js	4	map[const:3 file:1]
sveltekit-server-runtime	packages/kit/src/runtime/server/page/server_routing.js	25	map[const:13 file:1 function:9 var:2]
sveltekit-server-runtime	packages/kit/src/runtime/server/page/types.d.ts	9	map[file:1 interface:4 type:4]
sveltekit-server-runtime	packages/kit/src/runtime/server/remote-functions.js	64	map[const:40 file:1 function:16 var:7]
sveltekit-server-runtime	packages/kit/src/runtime/server/remote-functions.spec.js	22	map[const:13 file:1 function:4 var:4]
sveltekit-server-runtime	packages/kit/src/runtime/server/respond.js	63	map[const:40 file:1 function:9 var:13]
sveltekit-server-runtime	packages/kit/src/runtime/server/sourcemaps.js	33	map[const:24 file:1 function:4 var:4]
sveltekit-server-runtime	packages/kit/src/runtime/server/state.js	4	map[file:1 function:3]
sveltekit-server-runtime	packages/kit/src/runtime/server/utils.js	17	map[const:7 file:1 function:9]
sveltekit-server-runtime	packages/kit/src/runtime/server/validate-headers.js	9	map[const:7 file:1 function:1]
sveltekit-server-runtime	packages/kit/src/runtime/server/validate-headers.spec.js	2	map[const:1 file:1]
sveltekit-server-runtime	TOTAL_UNIQUE	781
zlib-core	adler32.c	18	map[const:12 file:1 function:5]
zlib-core	compress.c	8	map[const:1 file:1 function:6]
zlib-core	crc32.c	38	map[const:9 file:1 function:19 type:1 var:8]
zlib-core	crc32.h	8	map[file:1 var:7]
zlib-core	deflate.c	25	map[const:6 file:1 function:13 struct:1 type:2 var:2]
zlib-core	deflate.h	45	map[const:29 file:1 function:3 struct:4 type:7 var:1]
zlib-core	gzclose.c	2	map[file:1 function:1]
zlib-core	gzguts.h	42	map[const:28 file:1 function:9 type:2 var:2]
zlib-core	gzlib.c	4	map[const:1 file:1 function:2]
zlib-core	gzread.c	16	map[file:1 function:15]
zlib-core	gzwrite.c	15	map[file:1 function:14]
zlib-core	infback.c	14	map[const:10 file:1 function:3]
zlib-core	inffast.c	2	map[file:1 function:1]
zlib-core	inffast.h	2	map[file:1 function:1]
zlib-core	inffixed.h	3	map[file:1 var:2]
zlib-core	inflate.c	33	map[const:11 file:1 function:21]
zlib-core	inflate.h	4	map[const:1 file:1 struct:1 type:1]
zlib-core	inftrees.c	13	map[const:4 file:1 function:4 var:4]
zlib-core	inftrees.h	9	map[const:3 file:1 function:2 struct:1 type:2]
zlib-core	trees.c	51	map[const:14 file:1 function:21 struct:1 var:14]
zlib-core	trees.h	6	map[file:1 var:5]
zlib-core	uncompr.c	6	map[const:1 file:1 function:4]
zlib-core	zconf.h	187	map[const:173 file:1 type:13]
zlib-core	zlib.h	2	map[const:1 file:1]
zlib-core	zutil.c	25	map[const:5 file:1 function:12 struct:1 type:1 var:5]
zlib-core	zutil.h	58	map[const:32 file:1 function:12 struct:1 type:6 var:6]
zlib-core	TOTAL_UNIQUE	636
requests-core	src/requests/__init__.py	4	map[file:1 function:2 var:1]
requests-core	src/requests/__version__.py	11	map[file:1 var:10]
requests-core	src/requests/_internal_utils.py	10	map[const:7 file:1 function:2]
requests-core	src/requests/_types.py	12	map[class:2 file:1 function:2 method:2 var:5]
requests-core	src/requests/adapters.py	26	map[class:2 const:4 file:1 function:1 method:18]
requests-core	src/requests/api.py	9	map[file:1 function:8]
requests-core	src/requests/auth.py	22	map[class:4 const:2 file:1 function:1 method:14]
requests-core	src/requests/certs.py	1	map[file:1]
requests-core	src/requests/compat.py	12	map[file:1 function:1 var:10]
requests-core	src/requests/cookies.py	56	map[class:4 file:1 function:8 method:42 var:1]
requests-core	src/requests/exceptions.py	29	map[class:25 file:1 method:3]
requests-core	src/requests/help.py	4	map[file:1 function:3]
requests-core	src/requests/hooks.py	4	map[const:1 file:1 function:2]
requests-core	src/requests/models.py	53	map[class:5 const:4 file:1 method:43]
requests-core	src/requests/packages.py	1	map[file:1]
requests-core	src/requests/sessions.py	32	map[class:2 file:1 function:3 method:26]
requests-core	src/requests/status_codes.py	4	map[file:1 function:1 var:2]
requests-core	src/requests/structures.py	20	map[class:2 const:2 file:1 method:15]
requests-core	src/requests/utils.py	51	map[const:7 file:1 function:40 var:3]
requests-core	TOTAL_UNIQUE	361
cobra-root	active_help.go	8	map[const:4 file:1 function:3]
cobra-root	args.go	13	map[file:1 function:11 type:1]
cobra-root	bash_completions.go	23	map[const:5 file:1 function:15 method:2]
cobra-root	bash_completionsV2.go	5	map[file:1 function:1 method:3]
cobra-root	cobra.go	28	map[const:4 file:1 function:14 var:9]
cobra-root	command.go	143	map[const:10 file:1 function:8 method:119 struct:3 type:2]
cobra-root	command_notwin.go	2	map[file:1 var:1]
cobra-root	command_win.go	3	map[file:1 function:1 var:1]
cobra-root	completions.go	48	map[const:16 file:1 function:14 interface:1 method:8 struct:2 type:3 var:3]
cobra-root	fish_completions.go	4	map[file:1 function:1 method:2]
cobra-root	flag_groups.go	15	map[const:3 file:1 function:6 method:5]
cobra-root	powershell_completions.go	8	map[file:1 function:1 method:6]
cobra-root	shell_completions.go	12	map[file:1 function:4 method:7]
cobra-root	zsh_completions.go	10	map[file:1 function:1 method:8]
cobra-root	TOTAL_UNIQUE	322
