semselect-service	cmd/semselect/main.go	4	map[file:1 function:3]
semselect-service	internal/guard/guard.go	13	map[const:2 file:1 function:4 method:2 struct:4]
semselect-service	internal/guard/json.go	2	map[file:1 function:1]
semselect-service	TOTAL_UNIQUE	19
semselect-docs	TOTAL_UNIQUE	0
semengine-natsclient	natsclient/backing_stream_prefix.go	10	map[const:5 file:1 function:2 type:1 var:1]
semengine-natsclient	natsclient/client.go	107	map[const:12 file:1 function:8 interface:1 method:77 struct:4 type:2 var:2]
semengine-natsclient	natsclient/consumer_policy.go	15	map[const:3 file:1 function:3 interface:1 method:5 struct:2]
semengine-natsclient	natsclient/delivery_settlement.go	49	map[const:13 file:1 function:11 method:13 struct:7 type:4]
semengine-natsclient	natsclient/doc.go	1	map[file:1]
semengine-natsclient	natsclient/errors.go	21	map[const:7 file:1 function:8 method:3 struct:1 var:1]
semengine-natsclient	natsclient/heartbeat.go	6	map[file:1 function:1 method:2 struct:1 var:1]
semengine-natsclient	natsclient/jetstream_metrics.go	13	map[file:1 function:1 method:9 struct:2]
semengine-natsclient	natsclient/kv.go	37	map[const:1 file:1 function:8 method:17 struct:3 var:7]
semengine-natsclient	natsclient/kv_key_contract.go	43	map[const:31 file:1 function:10 var:1]
semengine-natsclient	natsclient/kv_retention.go	3	map[file:1 function:2]
semengine-natsclient	natsclient/kvspec.go	26	map[const:13 file:1 function:5 method:1 struct:2 type:4]
semengine-natsclient	natsclient/options.go	12	map[file:1 function:10 type:1]
semengine-natsclient	natsclient/owned_delivery.go	14	map[file:1 function:2 method:9 struct:2]
semengine-natsclient	natsclient/request.go	23	map[const:8 file:1 function:4 method:9 struct:1]
semengine-natsclient	natsclient/storage_account.go	18	map[const:5 file:1 function:6 interface:1 method:1 struct:3 type:1]
semengine-natsclient	natsclient/storage_growth.go	16	map[const:7 file:1 function:4 method:1 struct:2 type:1]
semengine-natsclient	natsclient/storage_inventory.go	27	map[const:2 file:1 function:4 interface:2 method:14 struct:2 type:2]
semengine-natsclient	natsclient/storage_pressure.go	47	map[const:26 file:1 function:11 method:2 struct:4 type:3]
semengine-natsclient	natsclient/storage_report.go	27	map[const:2 file:1 function:5 interface:1 method:13 struct:4 type:1]
semengine-natsclient	natsclient/storage_report_consumer.go	31	map[const:1 file:1 function:4 interface:2 method:19 struct:4]
semengine-natsclient	natsclient/storage_resource.go	22	map[const:9 file:1 function:2 method:4 struct:3 type:3]
semengine-natsclient	natsclient/stream.go	28	map[const:2 file:1 function:5 method:14 struct:5 var:1]
semengine-natsclient	natsclient/stream_bounds.go	4	map[file:1 function:1 var:2]
semengine-natsclient	natsclient/stream_divergence.go	11	map[file:1 function:8 method:1 struct:1]
semengine-natsclient	natsclient/trace.go	19	map[const:4 file:1 function:10 method:2 struct:2]
semengine-natsclient	TOTAL_UNIQUE	630
semengine-message	message/base_message.go	16	map[file:1 function:4 method:8 struct:2 type:1]
semengine-message	message/behaviors.go	2	map[file:1 interface:1]
semengine-message	message/content_storable.go	9	map[const:5 file:1 interface:2 struct:1]
semengine-message	message/decoder.go	4	map[file:1 function:1 method:1 struct:1]
semengine-message	message/doc.go	1	map[file:1]
semengine-message	message/generic_json.go	18	map[file:1 function:5 method:9 struct:3]
semengine-message	message/message.go	2	map[file:1 interface:1]
semengine-message	message/meta.go	2	map[file:1 interface:1]
semengine-message	message/meta_default.go	7	map[file:1 function:2 method:3 struct:1]
semengine-message	message/payload.go	2	map[file:1 interface:1]
semengine-message	message/rule_readable.go	2	map[file:1 interface:1]
semengine-message	message/storable.go	3	map[file:1 interface:1 struct:1]
semengine-message	message/triple.go	6	map[const:1 file:1 function:1 method:2 struct:1]
semengine-message	message/triple_identity.go	7	map[file:1 function:6]
semengine-message	message/types.go	6	map[file:1 function:1 type:4]
semengine-message	payloadregistry/registry.go	21	map[file:1 function:5 interface:1 method:10 struct:2 type:2]
semengine-message	TOTAL_UNIQUE	108
semstreams-graph-clustering	processor/graph-clustering/anomaly.go	13	map[file:1 function:1 method:9 struct:2]
semstreams-graph-clustering	processor/graph-clustering/component.go	88	map[const:6 file:1 function:14 interface:3 method:52 struct:9 var:3]
semstreams-graph-clustering	processor/graph-clustering/doc.go	1	map[file:1]
semstreams-graph-clustering	processor/graph-clustering/metrics.go	17	map[file:1 function:1 method:9 struct:2 var:4]
semstreams-graph-clustering	processor/graph-clustering/query.go	17	map[file:1 method:8 struct:8]
semstreams-graph-clustering	processor/graph-clustering/similarity.go	20	map[const:2 file:1 function:6 interface:1 method:4 struct:5 var:1]
semstreams-graph-clustering	processor/graph-clustering/structural.go	2	map[file:1 method:1]
semstreams-graph-clustering	TOTAL_UNIQUE	158
semstreams-rule	processor/rule/action_id.go	8	map[const:2 file:1 function:2 method:3]
semstreams-rule	processor/rule/actions.go	61	map[const:15 file:1 function:14 interface:4 method:25 struct:2]
semstreams-rule	processor/rule/actions_lifecycle.go	18	map[file:1 function:11 method:5 struct:1]
semstreams-rule	processor/rule/caller_substitution.go	3	map[file:1 function:1 struct:1]
semstreams-rule	processor/rule/config.go	14	map[const:5 file:1 function:3 method:4 struct:1]
semstreams-rule	processor/rule/config_validation.go	17	map[file:1 function:8 method:7 var:1]
semstreams-rule	processor/rule/cron_metrics.go	22	map[const:6 file:1 function:2 method:8 struct:1 var:4]
semstreams-rule	processor/rule/cron_rule.go	16	map[const:1 file:1 function:2 method:10 struct:1 var:1]
semstreams-rule	processor/rule/cron_scheduler.go	15	map[file:1 function:1 method:10 struct:3]
semstreams-rule	processor/rule/cron_substitution.go	3	map[file:1 function:1 struct:1]
semstreams-rule	processor/rule/deny.go	5	map[file:1 method:2 struct:1 var:1]
semstreams-rule	processor/rule/doc.go	1	map[file:1]
semstreams-rule	processor/rule/entity_evaluation_fence.go	20	map[const:2 file:1 method:15 struct:2]
semstreams-rule	processor/rule/entity_pattern_contract.go	9	map[const:1 file:1 function:6 var:1]
semstreams-rule	processor/rule/entity_substitution.go	4	map[file:1 function:2 var:1]
semstreams-rule	processor/rule/entity_watcher.go	56	map[const:1 file:1 function:7 interface:1 method:37 struct:8 type:1]
semstreams-rule	processor/rule/execution_context.go	20	map[file:1 function:4 method:9 struct:2 var:4]
semstreams-rule	processor/rule/expression/evaluator.go	44	map[file:1 function:31 method:11 struct:1]
semstreams-rule	processor/rule/expression/message_path.go	2	map[file:1 function:1]
semstreams-rule	processor/rule/expression/regex_cache.go	8	map[file:1 function:6 var:1]
semstreams-rule	processor/rule/expression/stateless.go	6	map[const:3 file:1 function:2]
semstreams-rule	processor/rule/expression/types.go	40	map[const:27 file:1 interface:1 method:3 struct:4 type:4]
semstreams-rule	processor/rule/expression_factory.go	21	map[file:1 function:6 method:12 struct:2]
semstreams-rule	processor/rule/factory.go	5	map[file:1 function:4]
semstreams-rule	processor/rule/graph_event_identity.go	5	map[const:1 file:1 function:2 interface:1]
semstreams-rule	processor/rule/interfaces.go	4	map[file:1 interface:3]
semstreams-rule	processor/rule/kv_config_integration.go	19	map[const:2 file:1 function:2 interface:1 method:12 struct:1]
semstreams-rule	processor/rule/kv_writer.go	8	map[file:1 function:1 interface:1 method:4 struct:1]
semstreams-rule	processor/rule/lifecycle_substitution.go	16	map[const:1 file:1 function:4 method:7 struct:2 var:1]
semstreams-rule	processor/rule/matches.go	5	map[file:1 function:4]
semstreams-rule	processor/rule/message_handler.go	14	map[file:1 function:4 method:9]
semstreams-rule	processor/rule/message_substitution.go	3	map[file:1 function:1 var:1]
semstreams-rule	processor/rule/metrics.go	5	map[file:1 function:1 struct:1 var:2]
semstreams-rule	processor/rule/owner_lane.go	12	map[file:1 function:1 method:6 struct:2 var:2]
semstreams-rule	processor/rule/payload_projection.go	3	map[file:1 function:2]
semstreams-rule	processor/rule/processor.go	54	map[const:2 file:1 function:7 method:39 struct:3 var:2]
semstreams-rule	processor/rule/projection_derivation.go	12	map[file:1 function:8 struct:3]
semstreams-rule	processor/rule/projection_targets.go	7	map[file:1 function:2 method:1 struct:3]
semstreams-rule	processor/rule/publisher.go	14	map[const:1 file:1 function:2 interface:1 method:7 struct:2]
semstreams-rule	processor/rule/readiness.go	13	map[const:1 file:1 function:1 method:8 var:2]
semstreams-rule	processor/rule/rule_factory.go	20	map[file:1 function:8 interface:1 method:2 struct:6 var:2]
semstreams-rule	processor/rule/rule_loader.go	6	map[file:1 function:1 method:4]
semstreams-rule	processor/rule/runtime_config.go	14	map[file:1 method:13]
semstreams-rule	processor/rule/schedule_tracker.go	12	map[const:1 file:1 function:2 method:5 struct:2 var:1]
semstreams-rule	processor/rule/schema.go	3	map[file:1 function:2]
semstreams-rule	processor/rule/state_tracker.go	17	map[const:3 file:1 function:5 method:4 struct:2 type:1 var:1]
semstreams-rule	processor/rule/stateful_evaluator.go	19	map[const:1 file:1 function:5 interface:1 method:8 struct:2 var:1]
semstreams-rule	processor/rule/status.go	2	map[file:1 struct:1]
semstreams-rule	processor/rule/test_rule_factory.go	16	map[file:1 function:3 method:10 struct:2]
semstreams-rule	processor/rule/triple_mutator.go	7	map[const:1 file:1 function:1 interface:1 method:2 struct:1]
semstreams-rule	processor/rule/typed_substitution.go	6	map[file:1 function:1 method:1 var:3]
semstreams-rule	processor/rule/user_response_subject_reservation.go	4	map[const:1 file:1 function:2]
semstreams-rule	processor/rule/verdict_auditor.go	5	map[file:1 function:1 method:2 struct:1]
semstreams-rule	TOTAL_UNIQUE	743
semstreams-service	service/base.go	35	map[const:4 file:1 function:8 interface:1 method:15 struct:2 type:3 var:1]
semstreams-service	service/component_manager.go	54	map[file:1 function:3 method:46 struct:4]
semstreams-service	service/component_manager_config.go	4	map[file:1 function:1 method:1 struct:1]
semstreams-service	service/component_manager_http.go	21	map[file:1 function:5 method:14 var:1]
semstreams-service	service/configurable.go	5	map[file:1 function:1 interface:1 struct:2]
semstreams-service	service/dependencies.go	4	map[file:1 interface:1 struct:1 type:1]
semstreams-service	service/doc.go	1	map[file:1]
semstreams-service	service/graph_runtime.go	2	map[file:1 function:1]
semstreams-service	service/graph_triples_http.go	12	map[const:3 file:1 function:5 method:2 struct:1]
semstreams-service	service/heartbeat.go	11	map[file:1 function:2 interface:1 method:5 struct:2]
semstreams-service	service/log_forwarder.go	9	map[file:1 function:2 method:4 struct:2]
semstreams-service	service/message_logger.go	53	map[const:1 file:1 function:11 interface:1 method:32 struct:6 type:1]
semstreams-service	service/message_logger_http.go	18	map[file:1 function:6 interface:1 method:9 var:1]
semstreams-service	service/message_logger_kv_watch.go	16	map[file:1 function:3 method:10 struct:2]
semstreams-service	service/metrics.go	19	map[file:1 function:2 interface:1 method:13 struct:2]
semstreams-service	service/metrics_forwarder.go	18	map[file:1 function:4 interface:1 method:10 struct:2]
semstreams-service	service/middleware.go	3	map[file:1 function:1 type:1]
semstreams-service	service/milestone_service.go	8	map[file:1 function:1 interface:2 method:3 struct:1]
semstreams-service	service/openapi.go	4	map[file:1 interface:1 struct:2]
semstreams-service	service/openapi_registry.go	6	map[file:1 function:3 var:2]
semstreams-service	service/openapi_types.go	16	map[file:1 function:1 method:4 struct:10]
semstreams-service	service/pprof.go	3	map[file:1 function:2]
semstreams-service	service/register.go	2	map[file:1 function:1]
semstreams-service	service/registry.go	7	map[file:1 function:1 method:4 struct:1]
semstreams-service	service/rule_pack_bind.go	8	map[file:1 function:4 interface:1 method:1 struct:1]
semstreams-service	service/schema.go	5	map[file:1 function:4]
semstreams-service	service/service_configs.go	21	map[const:5 file:1 function:8 method:3 struct:4]
semstreams-service	service/service_manager.go	84	map[const:2 file:1 function:4 method:69 struct:6 type:1 var:1]
semstreams-service	service/service_manager_config.go	7	map[const:2 file:1 method:3 struct:1]
semstreams-service	service/startup_metrics.go	8	map[file:1 function:1 method:5 struct:1]
semstreams-service	service/storage_observability.go	28	map[const:2 file:1 function:3 method:16 struct:6]
semstreams-service	service/storage_observability_http.go	12	map[file:1 function:1 method:6 struct:3 var:1]
semstreams-service	service/storage_observability_metrics.go	28	map[const:1 file:1 function:6 method:12 struct:2 var:6]
semstreams-service	service/stream_override_expiry.go	7	map[const:1 file:1 function:1 method:3 struct:1]
semstreams-service	TOTAL_UNIQUE	539
semstreams-component	component/config_validator.go	7	map[file:1 function:3 interface:2 var:1]
semstreams-component	component/dependencies.go	7	map[file:1 interface:2 method:2 struct:1 type:1]
semstreams-component	component/discovery.go	8	map[file:1 interface:2 struct:5]
semstreams-component	component/doc.go	1	map[file:1]
semstreams-component	component/flowgraph/doc.go	1	map[file:1]
semstreams-component	component/flowgraph/flowgraph.go	41	map[const:5 file:1 function:7 method:22 struct:6]
semstreams-component	component/flowgraph/flowgraph_analysis.go	5	map[file:1 struct:4]
semstreams-component	component/lifecycle.go	12	map[const:5 file:1 function:2 interface:1 method:1 struct:1 type:1]
semstreams-component	component/lifecycle_test_suite.go	36	map[const:2 file:1 function:19 method:11 struct:2 type:1]
semstreams-component	component/logging.go	7	map[const:4 file:1 struct:1 type:1]
semstreams-component	component/metrics.go	7	map[file:1 function:1 method:4 struct:1]
semstreams-component	component/port.go	31	map[const:22 file:1 interface:1 method:2 struct:2 type:3]
semstreams-component	component/port_codec.go	39	map[file:1 function:35 struct:1 var:2]
semstreams-component	component/port_facts.go	47	map[file:1 function:14 method:29 struct:3]
semstreams-component	component/port_file.go	5	map[file:1 method:3 struct:1]
semstreams-component	component/port_httpclient.go	5	map[file:1 method:3 struct:1]
semstreams-component	component/port_jetstream.go	9	map[file:1 function:3 method:3 struct:2]
semstreams-component	component/port_kv.go	13	map[file:1 method:9 struct:3]
semstreams-component	component/port_nats.go	9	map[file:1 method:6 struct:2]
semstreams-component	component/port_network.go	5	map[file:1 method:3 struct:1]
semstreams-component	component/port_provide.go	5	map[file:1 method:3 struct:1]
semstreams-component	component/port_resolver.go	9	map[file:1 function:6 method:2]
semstreams-component	component/port_store.go	5	map[file:1 method:3 struct:1]
semstreams-component	component/port_timer.go	5	map[file:1 method:3 struct:1]
semstreams-component	component/ports.go	12	map[file:1 function:6 method:3 struct:2]
semstreams-component	component/registerable.go	2	map[file:1 interface:1]
semstreams-component	component/registry.go	67	map[const:7 file:1 function:24 method:26 struct:7 type:2]
semstreams-component	component/schema.go	11	map[file:1 function:9 struct:1]
semstreams-component	component/schema_tags.go	17	map[file:1 function:12 method:1 struct:3]
semstreams-component	component/test_helpers.go	11	map[file:1 function:3 method:6 struct:1]
semstreams-component	component/validation.go	10	map[file:1 function:4 interface:1 method:3 struct:1]
semstreams-component	TOTAL_UNIQUE	449
semstreams-agentic-loop	processor/agentic-loop/approval_response_handler.go	11	map[const:1 file:1 function:2 method:7]
semstreams-agentic-loop	processor/agentic-loop/approval_sweeper.go	6	map[const:2 file:1 method:3]
semstreams-agentic-loop	processor/agentic-loop/architect.go	1	map[file:1]
semstreams-agentic-loop	processor/agentic-loop/component.go	106	map[const:7 file:1 function:23 interface:1 method:69 struct:3 type:1 var:1]
semstreams-agentic-loop	processor/agentic-loop/config.go	28	map[const:6 file:1 function:4 method:13 struct:4]
semstreams-agentic-loop	processor/agentic-loop/context_compaction.go	14	map[const:1 file:1 function:6 method:3 struct:2 type:1]
semstreams-agentic-loop	processor/agentic-loop/context_manager.go	38	map[const:6 file:1 function:4 method:21 struct:3 type:2 var:1]
semstreams-agentic-loop	processor/agentic-loop/doc.go	1	map[file:1]
semstreams-agentic-loop	processor/agentic-loop/execution_identity.go	6	map[const:1 file:1 function:3 interface:1]
semstreams-agentic-loop	processor/agentic-loop/factory.go	2	map[file:1 function:1]
semstreams-agentic-loop	processor/agentic-loop/governance_dispatcher.go	42	map[file:1 function:7 interface:3 method:21 struct:8 var:2]
semstreams-agentic-loop	processor/agentic-loop/graph_writer.go	29	map[const:8 file:1 function:9 method:10 struct:1]
semstreams-agentic-loop	processor/agentic-loop/handlers.go	98	map[const:3 file:1 function:13 interface:1 method:66 struct:5 type:1 var:8]
semstreams-agentic-loop	processor/agentic-loop/inflight.go	14	map[const:4 file:1 function:2 method:3 struct:2 var:2]
semstreams-agentic-loop	processor/agentic-loop/internal/loopbucket/acquire.go	2	map[file:1 function:1]
semstreams-agentic-loop	processor/agentic-loop/internal/looprequest/looprequest.go	10	map[const:2 file:1 function:5 method:1 struct:1]
semstreams-agentic-loop	processor/agentic-loop/lessonmatch/lessonmatch.go	19	map[const:6 file:1 function:7 struct:5]
semstreams-agentic-loop	processor/agentic-loop/lessons.go	12	map[const:3 file:1 function:5 interface:1 method:1 struct:1]
semstreams-agentic-loop	processor/agentic-loop/loop_classification.go	15	map[const:9 file:1 function:1 method:2 type:2]
semstreams-agentic-loop	processor/agentic-loop/loop_evidence.go	18	map[file:1 function:2 interface:1 method:11 struct:2 var:1]
semstreams-agentic-loop	processor/agentic-loop/loop_presence.go	7	map[const:3 file:1 function:1 method:1 type:1]
semstreams-agentic-loop	processor/agentic-loop/metrics.go	40	map[const:7 file:1 function:4 method:25 struct:1 var:2]
semstreams-agentic-loop	processor/agentic-loop/prompt/assembler.go	4	map[file:1 function:2 struct:1]
semstreams-agentic-loop	processor/agentic-loop/prompt/registry.go	10	map[file:1 function:2 method:6 struct:1]
semstreams-agentic-loop	processor/agentic-loop/prompt/types.go	10	map[const:6 file:1 struct:2 type:1]
semstreams-agentic-loop	processor/agentic-loop/result_hint.go	5	map[file:1 function:3 var:1]
semstreams-agentic-loop	processor/agentic-loop/state.go	105	map[file:1 function:7 method:89 struct:3 type:1 var:4]
semstreams-agentic-loop	processor/agentic-loop/summarizer.go	7	map[const:1 file:1 function:2 interface:1 method:1 struct:1]
semstreams-agentic-loop	processor/agentic-loop/terminal_owner.go	19	map[const:1 file:1 function:3 method:13 struct:1]
semstreams-agentic-loop	processor/agentic-loop/todos.go	15	map[const:1 file:1 function:7 interface:1 method:1 struct:3 var:1]
semstreams-agentic-loop	processor/agentic-loop/trajectory.go	8	map[file:1 function:2 method:4 struct:1]
semstreams-agentic-loop	processor/agentic-loop/trajectory_evidence.go	4	map[file:1 method:2 struct:1]
semstreams-agentic-loop	processor/agentic-loop/trajectory_handler_wiring.go	21	map[const:1 file:1 function:8 method:8 struct:3]
semstreams-agentic-loop	processor/agentic-loop/trajectory_observability.go	14	map[const:1 file:1 function:2 method:8 struct:2]
semstreams-agentic-loop	processor/agentic-loop/trajectory_query.go	2	map[file:1 function:1]
semstreams-agentic-loop	processor/agentic-loop/trajectory_reader.go	24	map[const:5 file:1 function:14 method:1 struct:2 var:1]
semstreams-agentic-loop	processor/agentic-loop/trajectory_recorder.go	30	map[const:12 file:1 function:2 interface:1 method:6 struct:6 type:2]
semstreams-agentic-loop	TOTAL_UNIQUE	797
semsource-source-manifest	processor/source-manifest/component.go	39	map[const:3 file:1 function:3 method:29 struct:3]
semsource-source-manifest	processor/source-manifest/config.go	5	map[file:1 function:1 method:1 struct:2]
semsource-source-manifest	processor/source-manifest/factory.go	4	map[file:1 function:1 interface:1 var:1]
semsource-source-manifest	processor/source-manifest/http_sources.go	13	map[const:1 file:1 function:4 method:6 struct:1]
semsource-source-manifest	processor/source-manifest/ingest.go	23	map[const:4 file:1 function:8 method:9 struct:1]
semsource-source-manifest	processor/source-manifest/lifecycle_scope.go	3	map[file:1 function:2]
semsource-source-manifest	processor/source-manifest/payload_ingest.go	35	map[const:6 file:1 method:16 struct:7 type:1 var:4]
semsource-source-manifest	processor/source-manifest/payload_predicates.go	9	map[file:1 method:4 struct:3 var:1]
semsource-source-manifest	processor/source-manifest/payload_registry.go	2	map[file:1 function:1]
semsource-source-manifest	processor/source-manifest/payload_status.go	13	map[const:3 file:1 method:4 struct:3 type:1 var:1]
semsource-source-manifest	processor/source-manifest/payload_summary.go	4	map[file:1 struct:3]
semsource-source-manifest	processor/source-manifest/payloads.go	7	map[file:1 method:4 struct:1 var:1]
semsource-source-manifest	processor/source-manifest/readiness.go	4	map[const:1 file:1 function:2]
semsource-source-manifest	processor/source-manifest/status.go	35	map[const:18 file:1 function:5 method:7 struct:2 var:2]
semsource-source-manifest	processor/source-manifest/workbench_capabilities.go	32	map[const:9 file:1 function:4 method:7 struct:10 type:1]
semsource-source-manifest	TOTAL_UNIQUE	228
semsource-cli	cli/add.go	13	map[file:1 function:12]
semsource-cli	cli/detect.go	8	map[file:1 function:6 struct:1]
semsource-cli	cli/registry.go	5	map[file:1 function:2 interface:1 var:1]
semsource-cli	cli/remove.go	2	map[file:1 function:1]
semsource-cli	cli/sources.go	5	map[file:1 function:4]
semsource-cli	cli/term.go	16	map[const:4 file:1 function:1 method:9 struct:1]
semsource-cli	cli/validate.go	2	map[file:1 function:1]
semsource-cli	cli/wizard.go	11	map[const:1 file:1 function:9]
semsource-cli	cli/wizard_ast.go	9	map[file:1 function:2 method:5 struct:1]
semsource-cli	cli/wizard_audio.go	8	map[file:1 function:1 method:5 struct:1]
semsource-cli	cli/wizard_cfg.go	9	map[file:1 function:2 method:5 struct:1]
semsource-cli	cli/wizard_doc.go	10	map[file:1 function:3 method:5 struct:1]
semsource-cli	cli/wizard_git.go	8	map[file:1 function:1 method:5 struct:1]
semsource-cli	cli/wizard_image.go	10	map[file:1 function:3 method:5 struct:1]
semsource-cli	cli/wizard_repo.go	8	map[file:1 function:1 method:5 struct:1]
semsource-cli	cli/wizard_url.go	8	map[file:1 function:1 method:5 struct:1]
semsource-cli	cli/wizard_video.go	9	map[file:1 function:2 method:5 struct:1]
semsource-cli	TOTAL_UNIQUE	141
semsource-ui	ui/src/app.d.ts	1	map[file:1]
semsource-ui	ui/src/lib/api/advertisedRoute.ts	5	map[class:1 const:1 file:1 function:1 var:1]
semsource-ui	ui/src/lib/api/graph.ts	4	map[const:1 file:1 function:1 type:1]
semsource-ui	ui/src/lib/api/http.ts	6	map[class:1 const:1 file:1 function:1 type:1 var:1]
semsource-ui	ui/src/lib/api/search.ts	14	map[class:1 const:3 file:1 function:6 interface:1 type:1 var:1]
semsource-ui	ui/src/lib/api/workbench.ts	14	map[const:5 file:1 function:5 type:3]
semsource-ui	ui/src/lib/components/CapabilityCard.svelte	8	map[component:1 const:4 file:1 var:2]
semsource-ui	ui/src/lib/components/GraphPanel.svelte	31	map[component:1 const:7 file:1 function:6 var:16]
semsource-ui	ui/src/lib/components/GraphView.svelte	23	map[component:1 const:5 file:1 function:5 var:11]
semsource-ui	ui/src/lib/components/SearchPanel.svelte	31	map[component:1 const:7 file:1 function:9 var:13]
semsource-ui	ui/src/lib/components/WorkbenchShell.svelte	21	map[component:1 const:6 file:1 function:4 var:9]
semsource-ui	ui/src/lib/contracts/capabilities.ts	33	map[class:1 const:14 file:1 function:9 interface:4 type:4]
semsource-ui	ui/src/lib/contracts/fusion.ts	27	map[const:4 file:1 function:12 interface:7 type:2 var:1]
semsource-ui	ui/src/lib/contracts/graph.ts	35	map[const:13 file:1 function:13 interface:6 type:2]
semsource-ui	ui/src/lib/contracts/projectSummary.ts	21	map[const:8 file:1 function:6 interface:5 type:1]
semsource-ui	ui/src/lib/contracts/sourceManifest.ts	10	map[const:4 file:1 function:3 interface:2]
semsource-ui	ui/src/lib/contracts/validation.ts	13	map[const:11 file:1 function:1]
semsource-ui	ui/src/lib/graph/drilldown.ts	14	map[const:8 file:1 function:2 interface:2 type:1]
semsource-ui	ui/src/lib/graph/layout.ts	10	map[const:2 file:1 function:4 interface:1 var:2]
semsource-ui	ui/src/lib/graph/model.ts	15	map[const:5 file:1 function:6 interface:3]
semsource-ui	ui/src/lib/graph/renderer.ts	24	map[const:13 file:1 function:4 interface:3 type:1 var:2]
semsource-ui	ui/src/lib/graph/selection.ts	11	map[const:5 file:1 function:1 interface:4]
semsource-ui	ui/src/lib/graph/worker.ts	11	map[file:1 function:6 interface:2 var:2]
semsource-ui	ui/src/lib/state/bootstrap.ts	11	map[const:3 file:1 function:4 interface:1 var:2]
semsource-ui	ui/src/lib/state/readiness.ts	9	map[const:4 file:1 function:2 interface:1 type:1]
semsource-ui	ui/src/lib/state/readinessPoller.ts	4	map[file:1 function:1 interface:1 var:1]
semsource-ui	ui/src/routes/+layout.svelte	3	map[component:1 file:1 var:1]
semsource-ui	ui/src/routes/+page.svelte	13	map[component:1 const:4 file:1 function:2 var:5]
semsource-ui	TOTAL_UNIQUE	422
